time.sec,MSH.1,FSH.1,FSH.2,blank.1,blank.2,blank.3,FSH.3,MSH.3,FSH.4,MSH.5,FSH.5,FSH.6,MBR.39,MBR.40,MBR.53,FBR.53,MBR.54,FBR.54,MBR.56,FBR.47,MBR.47,FBR.49,MBR.49,FBR.50
0,6.789,6.408,6.328,7.636,7.696,7.639,6.617,6.998,6.555,6.595,6.501,6.953,7.308,7.057,7.279,6.99,7.208,7.057,7.036,6.899,7.085,7.043,7.149,6.312
300,6.745,6.293,6.142,7.606,7.651,7.639,6.544,6.984,6.484,6.609,6.444,6.909,7.264,6.998,7.205,6.918,7.136,6.983,6.946,6.783,6.996,6.999,7.105,6.17
600,6.686,6.251,6.042,7.576,7.666,7.609,6.458,6.881,6.37,6.537,6.373,6.778,7.234,6.94,7.161,6.889,7.078,6.91,6.901,6.726,6.937,6.911,7.018,6.1
900,6.657,6.194,5.971,7.606,7.666,7.594,6.385,6.881,6.327,6.465,6.289,6.734,7.205,6.925,7.146,6.774,7.049,6.881,6.901,6.682,6.937,6.839,6.989,6.057
1200,6.555,6.109,5.844,7.576,7.636,7.624,6.27,6.852,6.256,6.351,6.148,6.705,7.161,6.881,7.102,6.774,7.02,6.837,6.871,6.639,6.893,6.824,6.945,5.903
1500,6.57,6.052,5.83,7.606,7.651,7.609,6.227,6.779,6.228,6.308,6.19,6.632,7.19,6.881,7.087,6.702,6.962,6.779,6.827,6.582,6.864,6.751,6.916,5.777
1800,6.482,5.94,5.801,7.606,7.621,7.579,6.184,6.721,6.2,6.265,6.134,6.574,7.161,6.808,7.087,6.659,6.962,6.72,6.753,6.567,6.79,6.722,6.916,5.652
2100,6.424,5.883,5.717,7.621,7.621,7.609,6.17,6.736,6.186,6.251,6.021,6.545,7.116,6.808,7.072,6.602,6.876,6.691,6.738,6.524,6.805,6.679,6.858,5.638
2400,6.41,5.855,5.661,7.591,7.636,7.624,6.127,6.692,6.087,6.209,5.952,6.502,7.072,6.678,7.014,6.559,6.862,6.633,6.693,6.495,6.732,6.65,6.858,5.666
2700,6.381,5.799,5.618,7.606,7.651,7.579,6.056,6.692,6.073,6.18,5.854,6.458,7.087,6.663,7.028,6.545,6.847,6.604,6.693,6.424,6.717,6.592,6.844,5.652
3000,6.352,5.771,5.548,7.606,7.636,7.609,5.985,6.663,5.933,6.138,5.798,6.444,7.072,6.576,6.999,6.502,6.804,6.546,6.619,6.41,6.673,6.578,6.786,5.39
3300,6.323,5.715,5.507,7.621,7.651,7.609,5.914,6.62,5.919,6.109,5.757,6.401,7.043,6.605,6.984,6.431,6.761,6.503,6.59,6.395,6.659,6.534,6.772,5.335
3600,6.308,5.646,5.437,7.606,7.651,7.594,5.886,6.562,5.905,6.081,5.632,6.329,6.999,6.49,6.941,6.389,6.747,6.46,6.546,6.353,6.629,6.477,6.743,5.307
3900,6.308,5.618,5.339,7.606,7.636,7.624,5.843,6.547,5.877,6.067,5.632,6.329,7.028,6.504,6.941,6.361,6.761,6.417,6.546,6.296,6.6,6.419,6.714,5.28
4200,6.28,5.576,5.27,7.606,7.666,7.639,5.829,6.49,5.807,6.025,5.577,6.3,6.999,6.475,6.911,6.332,6.718,6.417,6.502,6.296,6.586,6.405,6.686,5.171
4500,6.265,5.521,5.298,7.651,7.681,7.67,5.815,6.446,5.71,5.926,5.454,6.228,6.999,6.461,6.897,6.262,6.704,6.388,6.472,6.267,6.571,6.391,6.686,5.021
4800,6.193,5.507,5.27,7.666,7.696,7.716,5.815,6.475,5.668,5.842,5.399,6.243,6.999,6.418,6.897,6.248,6.718,6.359,6.458,6.253,6.557,6.391,6.686,5.034
5100,6.193,5.507,5.229,7.726,7.726,7.731,5.801,6.461,5.682,5.828,5.454,6.271,6.955,6.461,6.897,6.29,6.69,6.373,6.487,6.282,6.571,6.362,6.671,5.007
5400,6.193,5.507,5.215,7.741,7.801,7.792,5.702,6.475,5.654,5.842,5.44,6.257,6.941,6.418,6.897,6.276,6.718,6.345,6.472,6.267,6.557,6.362,6.686,4.994
5700,6.164,5.438,5.146,7.711,7.786,7.761,5.688,6.446,5.599,5.814,5.385,6.243,6.955,6.36,6.882,6.248,6.704,6.345,6.414,6.225,6.557,6.333,6.657,5.048
6000,6.179,5.438,5.063,7.756,7.831,7.777,5.702,6.461,5.626,5.786,5.317,6.243,6.911,6.303,6.868,6.29,6.718,6.302,6.428,6.225,6.542,6.333,6.657,5.089
6300,6.15,5.424,4.926,7.756,7.861,7.838,5.674,6.403,5.613,5.758,5.221,6.214,6.955,6.289,6.911,6.262,6.718,6.259,6.399,6.239,6.557,6.291,6.657,5.075
6600,6.15,5.438,4.899,7.786,7.861,7.853,5.66,6.403,5.53,5.758,5.194,6.214,6.955,6.274,6.868,6.248,6.704,6.259,6.355,6.196,6.542,6.319,6.657,4.94
6900,6.107,5.369,4.967,7.816,7.891,7.838,5.646,6.403,5.502,5.758,5.14,6.2,6.97,6.26,6.868,6.177,6.69,6.23,6.355,6.154,6.542,6.291,6.643,4.818
7200,6.093,5.341,4.926,7.801,7.906,7.868,5.632,6.389,5.447,5.744,5.086,6.157,6.955,6.231,6.809,6.149,6.747,6.187,6.326,6.126,6.528,6.262,6.686,4.778
7500,6.107,5.369,4.871,7.831,7.891,7.853,5.59,6.374,5.474,5.702,5.045,6.114,6.941,6.217,6.795,6.135,6.718,6.159,6.326,6.154,6.499,6.262,6.657,4.711
7800,6.05,5.3,4.817,7.801,7.876,7.822,5.59,6.36,5.378,5.688,5.032,6.085,6.926,6.174,6.722,6.051,6.69,6.144,6.282,6.097,6.499,6.248,6.643,4.617
8100,6.05,5.313,4.749,7.831,7.891,7.868,5.576,6.346,5.378,5.688,5.005,6.043,6.911,6.16,6.577,6.079,6.704,6.102,6.282,6.083,6.484,6.205,6.643,4.63
8400,6.035,5.217,4.776,7.846,7.891,7.822,5.534,6.274,5.31,5.618,4.978,6.029,6.911,6.146,6.477,6.023,6.633,6.088,6.268,6.041,6.426,6.12,6.657,4.523
8700,6.007,5.204,4.722,7.861,7.922,7.884,5.534,6.274,5.269,5.563,4.991,6.014,6.897,6.174,6.433,6.023,6.676,6.059,6.268,6.013,6.426,6.148,6.657,4.324
9000,6.007,5.176,4.627,7.891,7.937,7.914,5.548,6.246,5.228,5.549,4.964,5.986,6.897,6.16,6.419,6.037,6.661,6.045,6.253,6.013,6.455,6.134,6.686,4.258
9300,5.993,5.163,4.586,7.891,7.937,7.914,5.492,6.117,5.2,5.438,4.897,5.972,6.868,6.103,6.405,5.995,6.633,6.031,6.224,5.942,6.426,6.091,6.628,4.232
9600,6.007,5.108,4.573,7.876,7.952,7.93,5.492,6.131,5.2,5.411,4.79,5.901,6.882,6.103,6.376,5.967,6.576,5.988,6.18,5.928,6.412,6.105,6.628,4.205
9900,5.993,5.067,4.519,7.891,7.937,7.884,5.436,6.089,5.119,5.355,4.79,5.873,6.838,6.075,6.376,5.967,6.59,5.96,6.151,5.886,6.354,6.049,6.643,4.205
10200,5.993,5.04,4.478,7.922,7.952,7.93,5.367,6.06,5.078,5.328,4.67,5.802,6.838,6.046,6.347,5.94,6.576,5.931,6.137,5.872,6.325,6.035,6.614,4.166
10500,6.021,5.012,4.451,7.907,7.982,7.93,5.339,6.06,5.051,5.328,4.656,5.816,6.824,5.976,6.333,5.94,6.548,5.917,6.093,5.872,6.354,6.035,6.6,4.113
10800,6.021,4.958,4.397,7.907,7.982,7.945,5.2,6.004,5.01,5.273,4.576,5.437,6.809,5.961,6.276,5.912,6.562,5.903,6.108,5.858,6.325,6.02,6.586,4.087
11100,5.993,4.904,4.384,7.907,7.967,7.93,5.117,6.004,4.997,5.232,4.55,5.703,6.795,5.933,6.219,5.856,6.533,5.889,6.05,5.83,6.311,5.95,6.557,3.969
11400,5.993,4.931,4.357,7.922,7.982,7.93,5.117,5.99,4.97,5.232,4.497,5.619,6.78,5.905,6.205,5.787,6.548,5.833,6.035,5.788,6.296,5.95,6.543,4.022
11700,5.964,4.836,4.277,7.907,8.012,7.976,5.09,5.975,4.943,5.218,4.47,5.647,6.795,5.891,6.19,5.759,6.491,5.79,6.006,5.761,6.239,5.95,6.514,4.008
12000,5.95,4.768,4.21,7.952,7.982,7.945,5.049,5.919,4.916,5.191,4.457,5.605,6.809,5.863,6.176,5.704,6.491,5.79,6.006,5.719,6.239,5.922,6.543,3.826
12300,5.921,4.715,4.117,7.937,8.012,7.991,5.007,5.834,4.794,5.136,4.351,5.563,6.751,5.778,6.19,5.607,6.448,5.748,5.949,5.677,6.224,5.865,6.528,3.722
12600,5.893,4.701,3.984,7.937,8.012,7.976,4.925,5.806,4.741,5.095,4.246,5.535,6.737,5.666,6.148,5.539,6.434,5.748,5.905,5.677,6.239,5.851,6.514,3.645
12900,5.893,4.688,3.997,7.937,8.028,7.961,4.939,5.792,4.701,5.068,4.22,5.535,6.722,5.624,6.134,5.58,6.448,5.734,5.891,5.649,6.181,5.865,6.486,3.503
13200,5.85,4.661,3.958,7.982,8.012,7.976,4.939,5.778,4.701,5.095,4.207,5.507,6.722,5.582,6.134,5.594,6.42,5.734,5.848,5.635,6.167,5.809,6.486,3.529
13500,5.779,4.62,3.839,7.937,8.028,7.976,4.871,5.666,4.634,5.04,4.154,5.479,6.664,5.526,6.134,5.552,6.392,5.678,5.833,5.594,6.124,5.795,6.457,3.413
13800,5.751,4.567,3.773,7.937,8.043,7.976,4.857,5.638,4.62,5.027,4.168,5.451,6.693,5.512,6.063,5.511,6.392,5.636,5.79,5.58,6.11,5.739,6.429,3.375
14100,5.751,4.473,3.682,7.967,8.028,7.991,4.843,5.582,4.527,5.027,4.168,5.465,6.679,5.485,6.02,5.484,6.364,5.636,5.776,5.538,6.124,5.739,6.429,3.4
14400,5.723,4.46,3.629,7.937,8.043,7.991,4.816,5.596,4.5,4.986,4.141,5.41,6.65,5.457,5.978,5.429,6.336,5.608,5.747,5.497,6.081,5.683,6.415,3.439
14700,5.723,4.433,3.629,7.967,8.073,8.007,4.802,5.554,4.514,4.959,4.115,5.354,6.664,5.429,5.949,5.388,6.35,5.636,5.733,5.497,6.081,5.683,6.415,3.362
15000,5.694,4.407,3.538,8.013,8.058,7.991,4.748,5.568,4.447,4.945,4.089,5.354,6.664,5.457,5.893,5.388,6.307,5.636,5.705,5.483,6.067,5.697,6.386,3.362
15300,5.61,4.407,3.46,7.982,8.058,8.007,4.721,5.54,4.394,4.891,4.011,5.34,6.621,5.415,5.865,5.361,6.336,5.58,5.69,5.428,6.038,5.627,6.344,3.298
15600,5.567,4.38,3.395,7.982,8.058,8.007,4.748,5.498,4.354,4.85,3.998,5.299,6.606,5.373,5.837,5.306,6.307,5.538,5.647,5.414,6.038,5.627,6.358,3.146
15900,5.539,4.353,3.318,8.028,8.028,8.007,4.707,5.484,4.223,4.85,3.946,5.257,6.592,5.346,5.781,5.279,6.307,5.51,5.633,5.414,6.01,5.613,6.344,2.994
16200,5.539,4.327,3.189,8.043,8.088,8.053,4.694,5.456,4.17,4.823,3.894,5.229,6.563,5.318,5.752,5.211,6.307,5.482,5.619,5.386,6.01,5.585,6.358,2.893
16500,5.483,4.274,3.163,7.982,8.073,7.991,4.68,5.415,4.131,4.783,3.868,5.188,6.577,5.249,5.738,5.17,6.265,5.441,5.548,5.318,5.967,5.543,6.301,2.855
16800,5.455,4.221,3.112,7.997,8.073,8.038,4.626,5.429,4.104,4.729,3.842,5.146,6.592,5.249,5.766,5.143,6.279,5.441,5.519,5.304,5.938,5.529,6.301,2.793
17100,5.455,4.128,3.035,7.967,8.073,8.007,4.599,5.373,4.052,4.702,3.816,5.105,6.491,5.208,5.738,5.13,6.237,5.399,5.491,5.276,5.91,5.488,6.287,2.743
17400,5.413,4.168,2.92,8.043,8.058,8.007,4.558,5.373,3.961,4.635,3.765,5.064,6.52,5.139,5.641,5.116,6.251,5.371,5.462,5.222,5.896,5.488,6.287,2.718
17700,5.399,4.115,2.856,7.997,8.058,8.007,4.545,5.29,3.987,4.608,3.739,5.023,6.534,5.098,5.571,5.076,6.223,5.343,5.477,5.235,5.91,5.446,6.245,2.668
18000,5.357,4.102,2.742,8.013,8.073,8.007,4.491,5.207,3.934,4.541,3.7,4.94,6.477,5.029,5.557,5.049,6.209,5.302,5.392,5.222,5.882,5.418,6.245,2.618
18300,5.343,4.036,2.616,8.013,8.073,8.038,4.477,5.207,3.869,4.474,3.662,4.899,6.477,4.988,5.529,5.008,6.195,5.302,5.392,5.167,5.853,5.418,6.202,2.618
18600,5.301,3.957,2.516,8.013,8.058,7.991,4.477,5.18,3.818,4.447,3.559,4.858,6.448,4.947,5.501,4.995,6.153,5.246,5.349,5.153,5.825,5.446,6.174,2.618
18900,5.274,3.879,2.378,7.997,8.058,7.976,4.383,5.139,3.766,4.367,3.457,4.818,6.448,4.893,5.501,4.968,6.153,5.26,5.307,5.112,5.825,5.405,6.132,2.693
19200,5.26,3.735,2.204,8.013,8.073,8.022,4.356,5.152,3.74,4.341,3.444,4.79,6.448,4.879,5.515,4.927,6.111,5.219,5.237,5.085,5.782,5.405,6.132,2.631
19500,5.274,3.748,2.068,8.013,8.104,8.053,4.316,5.125,3.727,4.327,3.431,4.79,6.39,4.865,5.501,4.901,6.125,5.205,5.251,5.126,5.797,5.432,6.118,2.593
19800,5.204,3.684,1.957,7.997,8.088,8.053,4.316,5.097,3.675,4.314,3.355,4.777,6.39,4.825,5.46,4.833,6.111,5.178,5.222,5.044,5.797,5.391,6.146,2.506
20100,5.162,3.632,1.785,8.013,8.058,8.053,4.289,5.043,3.637,4.274,3.342,4.736,6.39,4.757,5.404,4.753,6.083,5.15,5.194,5.058,5.782,5.391,6.118,2.395
20400,5.162,3.593,1.615,8.013,8.073,8.038,4.129,5.029,3.598,4.235,3.317,4.709,6.362,4.743,5.418,4.673,6.069,5.04,5.18,5.044,5.811,5.377,6.062,2.321
20700,5.121,3.606,1.505,8.043,8.088,8.053,4.089,4.947,3.598,4.182,3.291,4.668,6.39,4.716,5.321,4.673,6.055,4.985,5.166,5.044,5.797,5.335,6.062,2.346
21000,5.121,3.567,1.349,7.997,8.088,8.038,4.023,4.824,3.47,4.089,3.266,4.587,6.362,4.676,5.211,4.647,6.041,4.917,5.166,5.031,5.754,5.308,6.033,2.297
21300,5.079,3.528,1.217,8.028,8.104,8.038,3.983,4.811,3.418,4.063,3.19,4.573,6.347,4.649,5.156,4.607,6.014,4.835,5.124,4.99,5.726,5.28,5.991,2.26
21600,5.038,3.477,1.109,8.043,8.119,8.038,3.983,4.675,3.444,3.984,3.178,4.533,6.319,4.662,5.074,4.633,6,4.808,5.124,5.017,5.684,5.28,6.005,2.125
21900,5.052,3.4,1.014,8.058,8.104,8.022,3.904,4.621,3.38,3.906,3.089,4.519,6.304,4.608,5.033,4.633,6,4.74,5.11,4.976,5.698,5.239,5.977,1.955
22200,5.01,3.4,0.884,8.028,8.088,8.038,3.891,4.567,3.393,3.906,2.976,4.492,6.304,4.487,5.005,4.594,5.972,4.686,5.068,4.949,5.641,5.225,5.936,1.906
22500,4.928,3.31,0.789,8.043,8.104,8.053,3.891,4.433,3.354,3.867,2.926,4.425,6.247,4.42,4.978,4.554,5.944,4.591,5.04,4.908,5.641,5.184,5.922,1.821
22800,4.804,3.271,0.695,8.043,8.104,8.038,3.865,4.42,3.342,3.814,2.851,4.371,6.276,4.407,4.91,4.501,5.93,4.497,5.054,4.922,5.627,5.184,5.908,1.785
23100,4.722,3.259,0.637,8.058,8.104,8.038,3.878,4.406,3.316,3.814,2.752,4.345,6.247,4.313,4.869,4.422,5.916,4.389,5.012,4.881,5.599,5.115,5.88,1.749
23400,4.654,3.22,0.59,8.043,8.088,8.068,3.851,4.353,3.278,3.762,2.714,4.291,6.247,4.246,4.828,4.408,5.888,4.363,5.012,4.881,5.599,5.129,5.838,1.737
23700,4.572,3.157,0.555,8.058,8.134,8.053,3.812,4.273,3.24,3.632,2.677,4.184,6.219,4.246,4.801,4.356,5.888,4.363,4.943,4.854,5.585,5.074,5.838,1.713
24000,4.491,3.068,0.508,8.058,8.104,8.053,3.759,4.259,3.215,3.594,2.628,4.144,6.205,4.207,4.747,4.237,5.888,4.269,4.887,4.814,5.543,5.033,5.782,1.629
24300,4.342,2.992,0.485,8.058,8.058,8.038,3.707,4.206,3.215,3.581,2.541,4.104,6.205,4.114,4.734,4.133,5.847,4.216,4.859,4.814,5.487,5.006,5.782,1.569
24600,4.288,2.941,0.438,8.073,8.088,8.022,3.668,4.166,3.101,3.555,2.455,3.998,6.219,4.074,4.72,4.107,5.833,4.136,4.831,4.76,5.473,4.979,5.782,1.593
24900,4.302,2.916,0.438,8.043,8.119,8.038,3.615,4.153,3.101,3.542,2.381,4.025,6.148,4.061,4.707,4.068,5.792,4.043,4.776,4.76,5.459,4.951,5.727,1.569
25200,4.275,2.84,0.438,8.089,8.088,8.053,3.615,4.127,3.088,3.516,2.344,3.998,6.176,4.048,4.72,4.081,5.805,3.99,4.776,4.747,5.473,4.951,5.727,1.509
25500,4.208,2.803,0.427,8.073,8.073,8.068,3.537,4.074,3.012,3.465,2.295,3.919,6.162,3.968,4.68,3.964,5.736,3.872,4.721,4.706,5.417,4.897,5.699,1.354
25800,4.141,2.815,0.415,8.073,8.088,8.038,3.537,4.047,2.924,3.426,2.222,3.893,6.148,3.968,4.68,3.886,5.723,3.78,4.721,4.666,5.417,4.856,5.671,1.295
26100,4.074,2.815,0.403,8.073,8.104,8.099,3.446,4.021,2.837,3.4,2.222,3.853,6.091,3.929,4.626,3.847,5.695,3.727,4.679,4.639,5.389,4.843,5.671,1.248
26400,3.981,2.777,0.392,8.073,8.088,8.068,3.407,4.008,2.712,3.362,2.186,3.814,6.091,3.916,4.572,3.808,5.668,3.584,4.624,4.586,5.347,4.802,5.63,1.177
26700,3.915,2.69,0.392,8.028,8.104,8.068,3.368,3.981,2.637,3.336,2.125,3.8,6.062,3.876,4.558,3.705,5.64,3.48,4.624,4.572,5.361,4.802,5.63,1.106
27000,3.848,2.652,0.403,8.073,8.073,8.038,3.33,3.942,2.612,3.285,2.076,3.761,6.077,3.837,4.465,3.641,5.599,3.338,4.542,4.545,5.319,4.775,5.588,1.024
27300,3.795,2.59,0.392,8.073,8.104,8.053,3.304,3.929,2.575,3.272,2.04,3.748,6.077,3.758,4.451,3.603,5.626,3.273,4.528,4.505,5.305,4.721,5.575,0.965
27600,3.729,2.528,0.403,8.073,8.119,8.053,3.252,3.876,2.587,3.145,2.04,3.709,6.02,3.693,4.424,3.539,5.585,3.17,4.514,4.492,5.264,4.68,5.547,0.86
27900,3.65,2.465,0.427,8.073,8.058,8.084,3.214,3.889,2.525,3.056,2.016,3.696,6.006,3.693,4.358,3.475,5.544,3.132,4.487,4.439,5.25,4.667,5.52,0.779
28200,3.624,2.416,0.392,8.028,8.088,8.068,3.201,3.823,2.501,3.018,1.979,3.669,6.006,3.654,4.344,3.411,5.558,3.145,4.446,4.439,5.25,4.667,5.506,0.686
28500,3.624,2.391,0.403,8.073,8.073,8.084,3.188,3.784,2.501,2.992,1.979,3.63,5.949,3.641,4.304,3.462,5.517,3.068,4.391,4.425,5.208,4.613,5.492,0.64
28800,3.585,2.28,0.403,8.073,8.119,8.053,3.072,3.706,2.464,2.954,1.992,3.552,5.949,3.576,4.291,3.424,5.489,2.991,4.377,4.359,5.194,4.559,5.465,0.559
29100,3.559,2.231,0.403,8.043,8.088,8.068,3.047,3.602,2.427,2.891,1.979,3.474,5.963,3.55,4.304,3.411,5.476,2.915,4.35,4.359,5.181,4.559,5.437,0.524
29400,3.519,2.157,0.38,8.058,8.119,8.068,3.034,3.589,2.39,2.854,1.943,3.435,5.893,3.472,4.291,3.373,5.435,2.864,4.296,4.346,5.167,4.505,5.396,0.467
29700,3.493,2.145,0.369,8.058,8.104,8.053,3.021,3.563,2.353,2.816,1.835,3.422,5.921,3.407,4.278,3.361,5.435,2.763,4.268,4.319,5.153,4.479,5.355,0.432
30000,3.454,2.071,0.392,8.043,8.119,8.053,2.919,3.524,2.279,2.816,1.823,3.357,5.921,3.382,4.225,3.285,5.38,2.7,4.241,4.266,5.111,4.465,5.369,0.432
30300,3.363,1.961,0.345,8.043,8.104,8.038,2.881,3.472,2.255,2.778,1.751,3.28,5.879,3.356,4.185,3.234,5.38,2.599,4.187,4.227,5.07,4.425,5.314,0.375
30600,3.324,1.913,0.334,8.043,8.073,8.068,2.881,3.459,2.242,2.703,1.739,3.177,5.851,3.33,4.198,3.146,5.367,2.549,4.187,4.213,5.07,4.425,5.314,0.364
30900,3.22,1.9,0.299,8.058,8.088,8.053,2.805,3.446,2.193,2.678,1.691,3.19,5.865,3.291,4.185,3.095,5.353,2.474,4.16,4.147,5.056,4.358,5.287,0.352
31200,3.155,1.888,0.311,8.089,8.088,8.068,2.818,3.381,2.193,2.665,1.631,3.164,5.865,3.227,4.198,3.083,5.34,2.399,4.106,4.147,5.029,4.345,5.259,0.329
31500,3.104,1.864,0.334,8.058,8.119,8.068,2.805,3.317,2.169,2.578,1.607,3.138,5.823,3.202,4.145,3.133,5.326,2.312,4.079,4.095,4.96,4.318,5.232,0.318
31800,3.027,1.815,0.311,8.073,8.104,8.053,2.754,3.291,2.181,2.553,1.596,3.087,5.794,3.189,4.066,3.121,5.299,2.225,4.025,4.069,4.974,4.292,5.178,0.307
32100,3.014,1.791,0.322,8.058,8.104,8.053,2.729,3.291,2.132,2.516,1.524,3.036,5.78,3.163,4.026,3.108,5.258,2.138,3.998,4.003,4.919,4.238,5.178,0.284
32400,3.014,1.755,0.299,8.073,8.088,8.053,2.716,3.201,2.096,2.454,1.465,2.959,5.752,3.112,3.987,2.97,5.204,2.052,3.944,3.99,4.905,4.185,5.164,0.227
32700,3.001,1.707,0.288,8.028,8.104,8.022,2.678,3.176,2.084,2.441,1.429,2.895,5.738,3.087,3.96,2.883,5.19,1.978,3.917,3.964,4.891,4.199,5.137,0.238
33000,2.95,1.658,0.288,8.028,8.073,8.068,2.628,3.15,1.999,2.379,1.406,2.806,5.738,3.023,3.921,2.808,5.15,1.892,3.877,3.924,4.85,4.159,5.11,0.215
33300,2.898,1.622,0.322,8.058,8.104,8.068,2.615,3.163,1.902,2.392,1.394,2.756,5.696,2.972,3.895,2.721,5.136,1.831,3.904,3.938,4.864,4.159,5.11,0.25
33600,2.886,1.574,0.299,8.058,8.088,8.053,2.615,3.073,1.878,2.318,1.394,2.705,5.696,2.934,3.868,2.672,5.096,1.746,3.823,3.872,4.836,4.119,5.083,0.238
33900,2.873,1.55,0.299,8.073,8.058,8.068,2.59,2.959,1.829,2.268,1.358,2.693,5.682,2.896,3.842,2.622,5.096,1.648,3.823,3.885,4.809,4.08,5.015,0.215
34200,2.822,1.502,0.288,8.073,8.104,8.053,2.552,2.959,1.841,2.207,1.311,2.642,5.654,2.883,3.79,2.548,5.042,1.551,3.743,3.82,4.782,4,4.947,0.193
34500,2.771,1.49,0.264,8.058,8.088,8.022,2.54,2.883,1.829,2.194,1.264,2.592,5.64,2.757,3.777,2.597,5.002,1.455,3.73,3.794,4.727,4,4.907,0.159
34800,2.707,1.49,0.253,8.073,8.104,8.053,2.502,2.794,1.721,2.17,1.252,2.579,5.613,2.694,3.725,2.573,5.002,1.395,3.703,3.781,4.741,3.987,4.88,0.159
35100,2.707,1.466,0.253,8.028,8.073,8.053,2.477,2.693,1.721,2.133,1.229,2.554,5.599,2.694,3.699,2.536,4.988,1.311,3.676,3.755,4.741,3.961,4.88,0.147
35400,2.695,1.514,0.264,8.089,8.088,8.068,2.477,2.63,1.697,2.145,1.194,2.541,5.585,2.656,3.712,2.536,4.975,1.251,3.583,3.703,4.7,3.908,4.853,0.136
35700,2.618,1.514,0.241,8.043,8.088,8.084,2.427,2.568,1.637,2.084,1.147,2.466,5.557,2.631,3.673,2.499,4.921,1.143,3.557,3.69,4.632,3.856,4.813,0.136
36000,2.555,1.514,0.253,8.073,8.119,8.099,2.415,2.53,1.577,2.108,1.135,2.416,5.571,2.568,3.673,2.401,4.921,1.119,3.53,3.651,4.659,3.83,4.786,0.147
36300,2.48,1.526,0.253,8.058,8.104,8.053,2.415,2.505,1.482,2.096,1.111,2.366,5.529,2.518,3.633,2.291,4.881,1.048,3.49,3.613,4.618,3.817,4.786,0.102
36600,2.429,1.514,0.253,8.089,8.088,8.084,2.365,2.48,1.446,2.023,1.053,2.329,5.515,2.493,3.608,2.266,4.868,0.977,3.477,3.6,4.591,3.804,4.746,0.113
36900,2.404,1.478,0.23,8.058,8.073,8.053,2.352,2.443,1.375,2.011,1.053,2.254,5.501,2.418,3.569,2.169,4.841,0.918,3.438,3.561,4.537,3.764,4.706,0.102
37200,2.404,1.43,0.241,8.058,8.073,8.053,2.352,2.393,1.339,1.998,1.03,2.204,5.473,2.381,3.517,2.157,4.815,0.847,3.398,3.522,4.51,3.725,4.679,0.113
37500,2.366,1.383,0.241,8.028,8.088,8.068,2.29,2.356,1.292,2.023,0.995,2.13,5.473,2.294,3.504,2.145,4.801,0.823,3.358,3.484,4.496,3.686,4.652,0.113
37800,2.341,1.323,0.207,8.043,8.104,8.068,2.29,2.356,1.268,1.938,0.983,2.105,5.446,2.319,3.439,2.157,4.775,0.812,3.319,3.497,4.483,3.66,4.612,0.102
38100,2.316,1.299,0.218,8.043,8.088,8.038,2.253,2.306,1.245,1.986,0.983,2.056,5.432,2.282,3.323,2.084,4.748,0.753,3.293,3.458,4.442,3.634,4.599,0.113
38400,2.291,1.252,0.218,8.028,8.104,8.068,2.215,2.294,1.221,1.95,0.902,2.019,5.39,2.183,3.246,1.999,4.708,0.706,3.24,3.42,4.415,3.595,4.559,0.102
38700,2.254,1.204,0.207,8.058,8.104,8.053,2.215,2.269,1.209,1.913,0.855,1.97,5.39,2.121,3.195,1.963,4.668,0.671,3.24,3.394,4.402,3.582,4.546,0.113
39000,2.166,1.169,0.218,8.043,8.073,8.053,2.215,2.256,1.198,1.901,0.844,1.97,5.363,2.109,3.157,1.891,4.668,0.659,3.188,3.355,4.375,3.556,4.532,0.102
39300,2.129,1.074,0.218,8.073,8.088,8.068,2.153,2.219,1.162,1.877,0.832,1.945,5.363,2.072,3.144,1.867,4.628,0.612,3.149,3.33,4.335,3.504,4.466,0.113
39600,2.054,1.098,0.23,8.089,8.104,8.068,2.141,2.232,1.151,1.84,0.774,1.97,5.321,2.022,3.118,1.759,4.615,0.589,3.109,3.279,4.281,3.466,4.453,0.124
39900,2.017,1.063,0.207,8.119,8.088,8.053,2.116,2.195,1.127,1.816,0.763,1.97,5.293,1.986,3.08,1.723,4.589,0.566,3.083,3.266,4.214,3.44,4.426,0.102
40200,1.98,0.992,0.184,8.089,8.088,8.099,2.091,2.145,1.115,1.78,0.74,1.92,5.28,1.937,3.029,1.64,4.562,0.531,3.018,3.215,4.16,3.427,4.4,0.113
40500,1.968,0.992,0.207,8.089,8.104,8.084,2.067,2.121,1.139,1.743,0.728,1.933,5.28,1.924,3.042,1.604,4.523,0.519,3.031,3.202,4.094,3.388,4.387,0.113
40800,1.943,0.945,0.195,8.058,8.088,8.068,2.054,2.17,1.115,1.743,0.682,1.896,5.225,1.851,2.979,1.521,4.496,0.496,2.966,3.113,4.054,3.362,4.321,0.113
41100,1.918,0.91,0.195,8.073,8.058,8.084,2.005,2.145,1.092,1.683,0.671,1.835,5.238,1.827,2.991,1.462,4.483,0.484,2.94,3.088,4.001,3.35,4.281,0.124
41400,1.894,0.875,0.195,8.058,8.104,8.068,1.919,2.047,1.08,1.671,0.659,1.822,5.238,1.802,2.94,1.391,4.444,0.449,2.901,3.05,3.961,3.285,4.242,0.124
41700,1.869,0.851,0.184,8.043,8.104,8.053,1.833,1.949,1.045,1.635,0.602,1.761,5.197,1.754,2.953,1.32,4.417,0.438,2.837,3.012,3.921,3.273,4.215,0.113
42000,1.857,0.828,0.172,8.073,8.073,8.068,1.833,1.9,1.057,1.611,0.579,1.761,5.197,1.754,2.953,1.285,4.417,0.426,2.849,3.025,3.908,3.26,4.215,0.09
42300,1.807,0.805,0.172,8.104,8.104,8.053,1.809,1.863,1.022,1.575,0.556,1.737,5.17,1.693,2.852,1.226,4.378,0.414,2.785,2.987,3.842,3.221,4.163,0.102
42600,1.783,0.746,0.172,8.058,8.088,8.068,1.797,1.826,1.033,1.551,0.521,1.676,5.128,1.669,2.877,1.132,4.325,0.403,2.759,2.936,3.802,3.196,4.124,0.102
42900,1.746,0.723,0.161,8.058,8.058,8.038,1.772,1.753,1.01,1.491,0.498,1.652,5.101,1.644,2.877,1.028,4.247,0.38,2.708,2.911,3.802,3.157,4.084,0.102
43200,1.709,0.723,0.172,8.058,8.088,8.038,1.723,1.741,1.01,1.479,0.464,1.579,5.087,1.608,2.776,0.958,4.221,0.38,2.682,2.873,3.723,3.119,4.058,0.113
43500,1.66,0.7,0.161,8.028,8.073,8.053,1.65,1.705,0.975,1.443,0.453,1.579,5.074,1.572,2.776,0.888,4.156,0.356,2.656,2.848,3.736,3.094,4.006,0.113
43800,1.636,0.653,0.172,8.073,8.073,8.068,1.614,1.693,0.94,1.419,0.43,1.567,5.06,1.548,2.764,0.83,4.143,0.345,2.618,2.848,3.684,3.055,3.954,0.124
44100,1.587,0.642,0.161,8.089,8.104,8.053,1.602,1.668,0.905,1.395,0.419,1.554,5.033,1.536,2.751,0.75,4.091,0.322,2.592,2.811,3.657,3.043,3.928,0.113
44400,1.538,0.63,0.161,8.089,8.073,8.068,1.565,1.644,0.87,1.359,0.396,1.518,5.019,1.499,2.688,0.715,4.091,0.31,2.541,2.748,3.631,3.017,3.902,0.113
44700,1.465,0.572,0.126,8.043,8.043,8.068,1.529,1.584,0.789,1.312,0.362,1.518,4.964,1.439,2.638,0.646,4.026,0.287,2.49,2.698,3.579,2.992,3.85,0.124
45000,1.453,0.572,0.138,8.058,8.104,8.084,1.493,1.596,0.789,1.288,0.373,1.518,4.978,1.439,2.575,0.635,4.039,0.252,2.464,2.685,3.539,2.928,3.85,0.113
45300,1.405,0.561,0.126,8.058,8.073,8.068,1.42,1.56,0.754,1.252,0.339,1.494,4.923,1.415,2.525,0.566,4.013,0.252,2.426,2.66,3.474,2.916,3.785,0.09
45600,1.381,0.538,0.138,8.073,8.058,8.084,1.408,1.56,0.754,1.205,0.339,1.482,4.964,1.391,2.513,0.532,3.948,0.241,2.362,2.635,3.435,2.89,3.759,0.09
45900,1.368,0.526,0.161,8.058,8.073,8.099,1.42,1.535,0.731,1.181,0.35,1.494,4.937,1.355,2.513,0.509,3.871,0.241,2.35,2.623,3.435,2.865,3.721,0.113
46200,1.344,0.503,0.138,8.073,8.104,8.053,1.432,1.487,0.708,1.122,0.327,1.482,4.869,1.331,2.463,0.486,3.832,0.206,2.312,2.561,3.396,2.852,3.656,0.113
46500,1.32,0.491,0.138,8.043,8.043,8.038,1.36,1.463,0.684,1.051,0.327,1.458,4.883,1.295,2.426,0.452,3.819,0.206,2.286,2.523,3.331,2.827,3.643,0.113
46800,1.308,0.445,0.126,8.089,8.088,8.068,1.324,1.463,0.661,1.004,0.316,1.446,4.842,1.295,2.388,0.44,3.781,0.183,2.235,2.499,3.331,2.789,3.618,0.102
47100,1.272,0.445,0.126,8.028,8.043,8.038,1.312,1.427,0.627,1.004,0.293,1.397,4.815,1.26,2.376,0.406,3.742,0.206,2.198,2.437,3.266,2.752,3.553,0.102
47400,1.26,0.411,0.161,8.073,8.119,8.068,1.3,1.403,0.615,0.969,0.305,1.409,4.788,1.236,2.351,0.372,3.704,0.206,2.147,2.4,3.215,2.726,3.566,0.102
47700,1.236,0.445,0.138,8.058,8.073,8.038,1.288,1.367,0.592,0.922,0.293,1.361,4.774,1.224,2.339,0.338,3.653,0.195,2.109,2.375,3.228,2.701,3.502,0.136
48000,1.2,0.399,0.138,8.058,8.058,8.068,1.252,1.355,0.558,0.875,0.282,1.373,4.747,1.141,2.252,0.327,3.627,0.183,2.071,2.363,3.176,2.676,3.477,0.09
48300,1.188,0.399,0.138,8.058,8.028,8.053,1.204,1.331,0.535,0.875,0.259,1.349,4.72,1.081,2.178,0.293,3.551,0.183,2.046,2.313,3.137,2.639,3.425,0.102
48600,1.188,0.365,0.149,8.073,8.058,8.068,1.228,1.307,0.558,0.852,0.248,1.313,4.68,1.081,2.129,0.281,3.5,0.172,2.009,2.252,3.086,2.576,3.4,0.102
48900,1.152,0.388,0.138,8.058,8.073,8.053,1.18,1.271,0.512,0.805,0.248,1.265,4.666,0.975,2.117,0.281,3.449,0.172,1.959,2.252,3.034,2.576,3.374,0.113
49200,1.116,0.365,0.149,8.073,8.073,8.084,1.168,1.271,0.5,0.793,0.237,1.289,4.693,0.939,2.043,0.27,3.385,0.183,1.933,2.239,2.996,2.551,3.324,0.113
49500,1.068,0.342,0.149,8.058,8.073,8.068,1.121,1.224,0.454,0.758,0.214,1.253,4.68,0.868,1.982,0.248,3.373,0.172,1.883,2.178,2.958,2.538,3.324,0.102
49800,1.104,0.353,0.149,8.043,8.104,8.084,1.145,1.212,0.431,0.735,0.225,1.253,4.653,0.821,1.957,0.236,3.348,0.183,1.871,2.19,2.906,2.526,3.285,0.124
50100,1.116,0.33,0.138,8.073,8.028,8.022,1.085,1.14,0.374,0.654,0.191,1.229,4.626,0.763,1.859,0.202,3.297,0.16,1.809,2.129,2.894,2.464,3.26,0.113
50400,1.116,0.33,0.149,8.089,8.058,8.084,1.073,1.105,0.374,0.642,0.191,1.193,4.585,0.669,1.835,0.202,3.247,0.149,1.784,2.105,2.855,2.439,3.209,0.124
50700,1.116,0.33,0.149,8.058,8.088,8.038,1.037,1.057,0.34,0.573,0.18,1.145,4.572,0.634,1.774,0.18,3.196,0.172,1.734,2.056,2.792,2.401,3.171,0.113
51000,1.092,0.319,0.126,8.028,8.073,8.068,1.026,1.093,0.306,0.549,0.158,1.098,4.572,0.599,1.726,0.169,3.196,0.16,1.709,2.007,2.741,2.401,3.146,0.113
51300,1.068,0.308,0.149,8.058,8.088,8.022,0.978,1.045,0.306,0.515,0.169,1.074,4.518,0.529,1.702,0.18,3.171,0.183,1.647,2.007,2.703,2.364,3.096,0.102
51600,1.044,0.308,0.149,8.043,8.028,8.038,0.99,0.998,0.283,0.503,0.158,1.003,4.505,0.518,1.653,0.169,3.121,0.172,1.598,1.958,2.652,2.339,3.045,0.124
51900,1.008,0.262,0.149,8.028,8.073,8.053,0.954,0.963,0.272,0.503,0.158,0.979,4.491,0.471,1.641,0.157,3.108,0.16,1.548,1.922,2.576,2.302,3.02,0.113
52200,0.984,0.262,0.149,8.073,8.073,8.038,0.943,0.939,0.283,0.48,0.158,0.967,4.464,0.448,1.617,0.169,3.071,0.16,1.548,1.897,2.564,2.277,2.982,0.113
52500,0.936,0.262,0.161,8.058,8.058,8.038,0.943,0.88,0.249,0.48,0.18,0.967,4.478,0.413,1.593,0.157,3.058,0.183,1.523,1.861,2.526,2.265,2.945,0.102
52800,0.865,0.239,0.149,8.028,8.043,8.053,0.907,0.892,0.249,0.492,0.169,0.967,4.438,0.367,1.569,0.146,2.996,0.16,1.462,1.837,2.475,2.24,2.92,0.124
53100,0.853,0.227,0.138,8.028,8.043,8.053,0.872,0.904,0.226,0.457,0.158,0.967,4.398,0.356,1.545,0.123,2.934,0.149,1.413,1.813,2.438,2.191,2.87,0.113
53400,0.841,0.227,0.115,8.028,8.012,8.022,0.848,0.88,0.226,0.446,0.146,0.967,4.398,0.321,1.52,0.135,2.871,0.16,1.351,1.764,2.425,2.166,2.795,0.102
53700,0.806,0.182,0.138,8.043,8.028,8.038,0.824,0.833,0.203,0.434,0.146,0.955,4.371,0.286,1.472,0.09,2.834,0.172,1.302,1.752,2.363,2.129,2.795,0.102
54000,0.806,0.182,0.126,8.043,8.043,8.038,0.824,0.798,0.215,0.434,0.146,0.943,4.291,0.286,1.472,0.123,2.797,0.172,1.278,1.74,2.375,2.117,2.782,0.113
54300,0.758,0.17,0.138,8.028,8.043,8.007,0.789,0.774,0.192,0.411,0.158,0.884,4.251,0.263,1.472,0.123,2.785,0.172,1.229,1.68,2.312,2.068,2.732,0.102
54600,0.723,0.159,0.126,8.028,8.058,8.038,0.754,0.739,0.181,0.399,0.169,0.908,4.198,0.263,1.424,0.101,2.723,0.172,1.205,1.68,2.312,2.043,2.695,0.113
54900,0.687,0.148,0.149,8.058,8.073,8.068,0.765,0.704,0.181,0.411,0.169,0.92,4.198,0.275,1.436,0.112,2.735,0.16,1.217,1.668,2.263,2.019,2.683,0.113
55200,0.652,0.17,0.149,8.073,8.058,8.038,0.707,0.692,0.192,0.377,0.169,0.872,4.171,0.252,1.388,0.101,2.686,0.172,1.144,1.608,2.238,2.031,2.633,0.113
55500,0.628,0.125,0.126,8.073,8.058,8.038,0.73,0.669,0.181,0.354,0.158,0.837,4.145,0.252,1.353,0.09,2.649,0.172,1.095,1.608,2.188,2.007,2.608,0.09
55800,0.617,0.125,0.149,8.028,8.043,8.022,0.683,0.646,0.158,0.342,0.146,0.778,4.132,0.229,1.317,0.101,2.624,0.149,1.059,1.572,2.175,1.945,2.534,0.113
56100,0.605,0.125,0.126,8.043,7.997,8.022,0.66,0.599,0.169,0.308,0.169,0.766,4.079,0.206,1.269,0.101,2.624,0.149,1.047,1.512,2.113,1.933,2.522,0.102
56400,0.593,0.136,0.126,8.043,8.058,8.038,0.66,0.564,0.181,0.331,0.146,0.743,4.052,0.217,1.233,0.112,2.538,0.149,1.035,1.5,2.088,1.933,2.497,0.09
56700,0.581,0.148,0.138,8.028,8.043,8.038,0.672,0.564,0.181,0.308,0.169,0.719,4.079,0.217,1.198,0.123,2.55,0.172,0.998,1.5,2.064,1.909,2.472,0.09
57000,0.558,0.125,0.149,8.028,8.028,8.038,0.636,0.576,0.181,0.296,0.146,0.696,4.026,0.229,1.126,0.101,2.514,0.183,0.938,1.428,2.039,1.884,2.423,0.124
57300,0.523,0.113,0.115,7.997,8.028,8.007,0.578,0.518,0.158,0.285,0.135,0.66,3.986,0.16,1.067,0.09,2.489,0.149,0.902,1.381,1.977,1.836,2.374,0.102
57600,0.499,0.136,0.149,8.028,8.043,8.053,0.601,0.518,0.158,0.296,0.135,0.672,3.973,0.194,1.067,0.101,2.489,0.172,0.889,1.369,1.965,1.823,2.386,0.113
57900,0.464,0.125,0.138,8.013,8.043,8.053,0.543,0.483,0.158,0.285,0.124,0.625,3.973,0.183,1.043,0.101,2.44,0.149,0.853,1.309,1.928,1.799,2.337,0.113
58200,0.417,0.136,0.126,7.982,8.028,8.038,0.508,0.483,0.158,0.25,0.124,0.649,3.934,0.149,1.02,0.09,2.391,0.172,0.817,1.274,1.891,1.775,2.3,0.102
58500,0.382,0.113,0.115,8.043,8.012,8.038,0.531,0.436,0.158,0.25,0.112,0.649,3.881,0.137,0.996,0.101,2.391,0.149,0.793,1.203,1.854,1.738,2.263,0.102
58800,0.347,0.113,0.126,7.997,7.997,8.022,0.508,0.425,0.147,0.25,0.101,0.625,3.881,0.126,0.973,0.079,2.343,0.16,0.769,1.179,1.841,1.714,2.215,0.09
59100,0.347,0.159,0.149,8.028,8.058,8.053,0.52,0.436,0.181,0.239,0.135,0.649,3.894,0.137,0.961,0.112,2.355,0.195,0.745,1.191,1.817,1.726,2.227,0.113
59400,0.324,0.148,0.126,8.028,7.982,8.038,0.485,0.379,0.169,0.216,0.135,0.649,3.855,0.137,0.925,0.112,2.282,0.172,0.733,1.12,1.768,1.678,2.178,0.102
59700,0.301,0.125,0.138,8.013,8.028,8.038,0.485,0.379,0.169,0.239,0.135,0.649,3.829,0.126,0.925,0.101,2.282,0.172,0.709,1.061,1.756,1.678,2.154,0.113
60000,0.266,0.125,0.149,8.013,8.012,8.053,0.426,0.344,0.181,0.228,0.135,0.637,3.777,0.126,0.878,0.101,2.233,0.172,0.685,0.991,1.719,1.641,2.117,0.079
60300,0.266,0.125,0.126,7.997,8.028,7.991,0.426,0.309,0.169,0.216,0.124,0.578,3.764,0.126,0.867,0.09,2.197,0.16,0.649,0.944,1.67,1.629,2.081,0.079
60600,0.266,0.113,0.138,8.013,8.012,8.038,0.426,0.298,0.181,0.216,0.124,0.578,3.738,0.137,0.82,0.09,2.185,0.183,0.626,0.885,1.646,1.569,2.044,0.113
60900,0.219,0.113,0.138,8.028,7.982,8.038,0.403,0.275,0.169,0.216,0.124,0.532,3.724,0.137,0.773,0.101,2.124,0.149,0.602,0.85,1.621,1.593,2.008,0.113
61200,0.231,0.136,0.138,8.043,8.012,8.022,0.38,0.275,0.181,0.205,0.101,0.532,3.711,0.16,0.738,0.101,2.124,0.183,0.578,0.804,1.597,1.593,1.983,0.113
61500,0.208,0.136,0.138,8.013,8.028,8.038,0.357,0.286,0.158,0.182,0.112,0.532,3.685,0.16,0.738,0.09,2.1,0.172,0.566,0.745,1.585,1.533,1.935,0.113
61800,0.196,0.125,0.126,8.013,7.997,8.053,0.368,0.263,0.158,0.205,0.124,0.532,3.672,0.149,0.703,0.112,2.088,0.172,0.554,0.71,1.572,1.557,1.935,0.113
62100,0.185,0.113,0.138,7.997,8.043,8.022,0.322,0.263,0.169,0.17,0.112,0.52,3.633,0.149,0.703,0.112,2.052,0.149,0.518,0.676,1.5,1.497,1.887,0.102
62400,0.185,0.113,0.126,8.013,7.997,8.038,0.311,0.24,0.181,0.17,0.124,0.485,3.633,0.114,0.668,0.09,1.992,0.16,0.483,0.641,1.5,1.485,1.863,0.124
62700,0.173,0.125,0.138,8.043,8.028,8.022,0.287,0.229,0.192,0.159,0.124,0.485,3.607,0.16,0.691,0.101,2.016,0.172,0.495,0.618,1.463,1.497,1.815,0.113
63000,0.162,0.125,0.126,8.013,8.028,8.022,0.264,0.229,0.169,0.159,0.124,0.497,3.555,0.149,0.656,0.112,1.956,0.16,0.459,0.572,1.439,1.425,1.778,0.102
63300,0.15,0.125,0.138,8.028,7.982,8.007,0.23,0.206,0.169,0.17,0.101,0.485,3.517,0.149,0.656,0.101,1.968,0.172,0.447,0.537,1.403,1.413,1.766,0.102
63600,0.15,0.113,0.126,7.997,7.982,8.022,0.23,0.183,0.147,0.136,0.112,0.462,3.465,0.114,0.679,0.101,1.92,0.149,0.423,0.479,1.378,1.389,1.742,0.102
63900,0.15,0.125,0.138,8.028,7.982,8.053,0.23,0.183,0.169,0.136,0.124,0.427,3.504,0.16,0.679,0.112,1.896,0.172,0.412,0.468,1.366,1.341,1.706,0.09
64200,0.15,0.125,0.138,7.997,8.028,8.022,0.207,0.171,0.147,0.125,0.101,0.427,3.452,0.16,0.679,0.09,1.86,0.172,0.4,0.433,1.342,1.305,1.694,0.102
64500,0.138,0.125,0.149,8.028,7.982,8.007,0.195,0.149,0.181,0.114,0.101,0.392,3.439,0.126,0.656,0.112,1.836,0.172,0.364,0.422,1.318,1.305,1.671,0.113
64800,0.127,0.125,0.126,8.013,8.028,8.022,0.184,0.137,0.147,0.114,0.112,0.404,3.439,0.126,0.621,0.112,1.824,0.172,0.364,0.422,1.282,1.293,1.635,0.102
65100,0.127,0.136,0.126,8.013,7.967,8.038,0.195,0.16,0.181,0.102,0.101,0.369,3.349,0.149,0.586,0.101,1.8,0.16,0.329,0.399,1.246,1.269,1.611,0.113
65400,0.127,0.102,0.126,7.982,7.967,7.991,0.161,0.149,0.147,0.102,0.112,0.357,3.323,0.149,0.551,0.101,1.764,0.16,0.317,0.387,1.234,1.257,1.563,0.102
65700,0.104,0.136,0.138,7.952,7.997,8.038,0.149,0.149,0.169,0.114,0.124,0.369,3.297,0.149,0.551,0.112,1.752,0.183,0.317,0.376,1.186,1.234,1.563,0.113
66000,0.115,0.136,0.138,8.013,7.967,8.007,0.149,0.149,0.158,0.102,0.112,0.334,3.259,0.137,0.505,0.112,1.717,0.172,0.305,0.353,1.198,1.234,1.515,0.102
66300,0.115,0.125,0.138,8.028,7.982,8.053,0.149,0.149,0.181,0.114,0.124,0.346,3.246,0.149,0.505,0.123,1.717,0.172,0.317,0.353,1.15,1.21,1.468,0.136
66600,0.115,0.125,0.126,8.013,7.982,8.007,0.149,0.126,0.169,0.079,0.124,0.311,3.195,0.114,0.47,0.079,1.681,0.16,0.293,0.341,1.138,1.138,1.444,0.09
66900,0.127,0.113,0.126,7.982,7.997,8.038,0.126,0.137,0.158,0.102,0.112,0.322,3.182,0.126,0.436,0.09,1.645,0.149,0.282,0.319,1.126,1.115,1.408,0.102
67200,0.127,0.148,0.149,7.997,7.967,8.022,0.138,0.149,0.147,0.079,0.124,0.322,3.157,0.114,0.413,0.112,1.621,0.172,0.27,0.296,1.078,1.067,1.408,0.102
67500,0.115,0.136,0.126,7.997,7.997,8.022,0.126,0.137,0.158,0.091,0.124,0.311,3.144,0.137,0.378,0.112,1.61,0.149,0.223,0.319,1.054,0.996,1.373,0.113
67800,0.115,0.136,0.149,8.013,7.967,8.022,0.126,0.149,0.169,0.091,0.112,0.276,3.131,0.149,0.366,0.101,1.586,0.172,0.187,0.284,1.054,0.961,1.349,0.102
68100,0.115,0.136,0.149,7.982,7.997,8.038,0.138,0.137,0.169,0.114,0.124,0.299,3.106,0.126,0.378,0.112,1.574,0.172,0.187,0.296,1.054,0.926,1.326,0.113
68400,0.127,0.136,0.149,7.997,7.982,8.038,0.138,0.149,0.158,0.102,0.112,0.265,3.08,0.126,0.343,0.09,1.515,0.16,0.164,0.273,1.006,0.855,1.302,0.113
68700,0.104,0.136,0.149,7.967,7.997,7.976,0.149,0.126,0.158,0.091,0.112,0.265,3.067,0.149,0.343,0.112,1.468,0.172,0.152,0.25,0.994,0.808,1.255,0.113
69000,0.138,0.136,0.126,7.997,7.997,8.053,0.161,0.171,0.181,0.114,0.135,0.288,3.042,0.149,0.332,0.101,1.444,0.172,0.152,0.261,0.971,0.773,1.255,0.113
69300,0.115,0.125,0.138,7.952,7.967,8.038,0.126,0.137,0.169,0.114,0.124,0.265,3.029,0.126,0.309,0.101,1.444,0.172,0.152,0.25,0.947,0.703,1.208,0.124
69600,0.127,0.125,0.126,7.982,7.982,8.007,0.149,0.137,0.169,0.102,0.124,0.241,3.029,0.149,0.332,0.101,1.397,0.172,0.129,0.227,0.923,0.668,1.172,0.113
69900,0.115,0.148,0.138,7.982,7.922,7.991,0.149,0.149,0.158,0.091,0.124,0.241,2.978,0.137,0.309,0.112,1.432,0.16,0.129,0.227,0.876,0.621,1.149,0.09
70200,0.092,0.125,0.138,7.967,7.997,8.022,0.149,0.137,0.158,0.091,0.124,0.253,2.953,0.149,0.309,0.101,1.35,0.16,0.117,0.216,0.887,0.575,1.114,0.09
70500,0.127,0.125,0.138,7.952,7.952,8.038,0.138,0.126,0.192,0.102,0.135,0.276,2.94,0.137,0.297,0.079,1.362,0.16,0.14,0.227,0.864,0.528,1.102,0.09
70800,0.127,0.125,0.149,7.982,7.997,8.022,0.149,0.149,0.158,0.102,0.124,0.241,2.94,0.149,0.297,0.112,1.28,0.172,0.14,0.193,0.828,0.505,1.09,0.124
71100,0.115,0.136,0.138,7.982,7.967,8.038,0.161,0.149,0.181,0.102,0.124,0.241,2.915,0.137,0.32,0.101,1.233,0.172,0.152,0.216,0.816,0.482,1.067,0.102
71400,0.104,0.102,0.149,7.937,7.982,8.007,0.103,0.137,0.158,0.091,0.112,0.218,2.852,0.137,0.286,0.101,1.221,0.16,0.14,0.204,0.816,0.459,1.044,0.079
71700,0.127,0.136,0.149,7.967,7.967,8.038,0.126,0.171,0.181,0.079,0.112,0.241,2.877,0.126,0.297,0.09,1.245,0.195,0.176,0.182,0.793,0.436,1.032,0.124
72000,0.104,0.125,0.126,7.997,7.967,7.991,0.115,0.137,0.169,0.079,0.112,0.241,2.801,0.16,0.274,0.09,1.198,0.183,0.14,0.182,0.781,0.436,0.997,0.102
72300,0.104,0.136,0.126,7.967,7.967,8.022,0.149,0.137,0.169,0.079,0.135,0.218,2.801,0.149,0.263,0.112,1.175,0.183,0.14,0.17,0.745,0.413,0.985,0.113
72600,0.138,0.148,0.138,7.937,7.967,8.007,0.161,0.16,0.158,0.114,0.146,0.218,2.789,0.137,0.251,0.123,1.163,0.172,0.152,0.182,0.745,0.424,0.985,0.124
72900,0.127,0.125,0.138,7.952,7.982,8.022,0.115,0.137,0.169,0.102,0.124,0.23,2.789,0.137,0.263,0.112,1.14,0.206,0.14,0.17,0.734,0.401,0.938,0.124
73200,0.115,0.148,0.149,7.937,7.967,8.022,0.138,0.16,0.181,0.114,0.135,0.218,2.763,0.16,0.251,0.123,1.116,0.183,0.152,0.159,0.734,0.401,0.938,0.113
73500,0.138,0.136,0.149,7.952,7.967,8.038,0.126,0.149,0.181,0.114,0.146,0.207,2.738,0.16,0.263,0.112,1.116,0.172,0.152,0.182,0.686,0.401,0.904,0.113
73800,0.104,0.125,0.115,7.907,7.952,8.022,0.138,0.137,0.169,0.091,0.135,0.207,2.713,0.149,0.228,0.101,1.047,0.16,0.129,0.159,0.663,0.378,0.88,0.113
74100,0.127,0.136,0.126,7.937,7.952,7.991,0.126,0.149,0.169,0.102,0.124,0.195,2.701,0.149,0.251,0.101,1.012,0.183,0.129,0.147,0.651,0.355,0.88,0.124
74400,0.115,0.125,0.149,7.922,7.906,8.038,0.149,0.137,0.158,0.102,0.135,0.207,2.688,0.149,0.24,0.09,1.012,0.172,0.152,0.147,0.675,0.343,0.845,0.124
74700,0.104,0.125,0.149,7.937,7.952,8.038,0.149,0.137,0.203,0.091,0.112,0.207,2.663,0.126,0.24,0.123,1,0.172,0.152,0.17,0.628,0.32,0.845,0.124
75000,0.092,0.125,0.149,7.937,7.937,8.022,0.138,0.114,0.181,0.102,0.124,0.207,2.65,0.137,0.228,0.112,0.977,0.172,0.14,0.147,0.628,0.297,0.799,0.102
75300,0.104,0.125,0.126,7.937,7.937,7.976,0.149,0.149,0.181,0.102,0.112,0.207,2.638,0.149,0.228,0.112,0.954,0.16,0.152,0.159,0.628,0.32,0.811,0.113
75600,0.127,0.136,0.149,7.937,7.952,7.991,0.138,0.137,0.169,0.114,0.112,0.218,2.625,0.16,0.217,0.09,0.954,0.16,0.152,0.17,0.604,0.297,0.799,0.113
75900,0.115,0.125,0.138,7.937,7.922,8.007,0.161,0.149,0.169,0.079,0.124,0.195,2.588,0.16,0.205,0.101,0.931,0.172,0.14,0.159,0.592,0.297,0.764,0.113
76200,0.092,0.113,0.149,7.937,7.906,8.022,0.138,0.126,0.169,0.091,0.124,0.207,2.563,0.114,0.183,0.09,0.919,0.172,0.14,0.136,0.557,0.297,0.753,0.113
76500,0.115,0.102,0.126,7.876,7.937,8.007,0.138,0.126,0.158,0.091,0.09,0.218,2.55,0.137,0.194,0.09,0.885,0.16,0.14,0.159,0.545,0.297,0.73,0.113
76800,0.138,0.148,0.138,7.922,7.876,8.007,0.149,0.149,0.169,0.102,0.112,0.207,2.55,0.126,0.171,0.101,0.85,0.172,0.14,0.147,0.545,0.274,0.718,0.113
77100,0.104,0.113,0.115,7.922,7.937,7.991,0.138,0.16,0.169,0.114,0.124,0.218,2.55,0.149,0.194,0.09,0.85,0.172,0.164,0.136,0.545,0.286,0.695,0.113
77400,0.115,0.136,0.138,7.922,7.937,8.007,0.138,0.149,0.181,0.091,0.112,0.184,2.5,0.103,0.16,0.101,0.816,0.16,0.164,0.147,0.534,0.251,0.707,0.113
77700,0.104,0.125,0.138,7.891,7.937,8.022,0.149,0.149,0.169,0.114,0.124,0.207,2.475,0.16,0.148,0.101,0.827,0.183,0.14,0.159,0.522,0.24,0.672,0.102
78000,0.138,0.148,0.138,7.922,7.937,8.038,0.149,0.16,0.169,0.102,0.124,0.184,2.463,0.149,0.16,0.101,0.793,0.172,0.164,0.17,0.487,0.251,0.672,0.136
78300,0.127,0.113,0.126,7.876,7.906,7.976,0.138,0.16,0.169,0.079,0.124,0.195,2.438,0.114,0.125,0.112,0.77,0.183,0.129,0.159,0.475,0.228,0.637,0.102
78600,0.127,0.148,0.149,7.861,7.906,7.976,0.126,0.137,0.181,0.114,0.124,0.184,2.426,0.149,0.114,0.101,0.747,0.172,0.129,0.17,0.487,0.206,0.637,0.102
78900,0.115,0.125,0.115,7.861,7.906,8.007,0.138,0.137,0.169,0.091,0.112,0.195,2.401,0.137,0.114,0.101,0.724,0.149,0.129,0.147,0.452,0.206,0.614,0.113
79200,0.104,0.136,0.138,7.861,7.876,7.991,0.103,0.149,0.158,0.079,0.124,0.184,2.401,0.137,0.103,0.112,0.712,0.16,0.117,0.159,0.463,0.194,0.591,0.102
79500,0.115,0.113,0.149,7.891,7.937,8.022,0.126,0.149,0.158,0.091,0.135,0.195,2.388,0.137,0.114,0.112,0.712,0.172,0.14,0.17,0.463,0.183,0.603,0.124
79800,0.115,0.136,0.126,7.861,7.906,8.007,0.126,0.149,0.181,0.068,0.124,0.172,2.363,0.149,0.125,0.101,0.701,0.16,0.14,0.17,0.428,0.194,0.603,0.102
80100,0.127,0.136,0.126,7.846,7.906,7.991,0.138,0.171,0.181,0.114,0.124,0.184,2.351,0.16,0.137,0.09,0.689,0.172,0.152,0.147,0.428,0.183,0.58,0.113
80400,0.104,0.125,0.138,7.861,7.922,7.991,0.138,0.149,0.158,0.102,0.101,0.184,2.326,0.149,0.125,0.101,0.655,0.183,0.105,0.147,0.405,0.148,0.545,0.102
80700,0.127,0.125,0.149,7.861,7.906,8.007,0.126,0.137,0.147,0.102,0.124,0.184,2.301,0.126,0.137,0.112,0.655,0.172,0.152,0.147,0.382,0.171,0.568,0.136
81000,0.115,0.148,0.138,7.846,7.876,8.007,0.138,0.149,0.181,0.102,0.124,0.184,2.289,0.171,0.114,0.101,0.678,0.172,0.129,0.159,0.393,0.16,0.545,0.113
81300,0.115,0.136,0.149,7.861,7.906,8.007,0.149,0.149,0.181,0.091,0.101,0.184,2.301,0.16,0.125,0.079,0.632,0.16,0.14,0.159,0.37,0.148,0.522,0.113
81600,0.127,0.136,0.149,7.861,7.891,8.038,0.149,0.137,0.169,0.091,0.101,0.195,2.252,0.137,0.125,0.112,0.644,0.172,0.14,0.159,0.382,0.148,0.534,0.113
81900,0.115,0.125,0.138,7.831,7.891,7.991,0.149,0.16,0.158,0.102,0.101,0.184,2.24,0.126,0.125,0.09,0.598,0.149,0.129,0.147,0.347,0.148,0.522,0.113
82200,0.138,0.148,0.161,7.846,7.861,8.007,0.126,0.137,0.181,0.091,0.112,0.172,2.252,0.16,0.137,0.123,0.644,0.172,0.152,0.147,0.347,0.16,0.511,0.124
82500,0.115,0.136,0.149,7.786,7.846,7.961,0.126,0.137,0.181,0.091,0.135,0.184,2.215,0.149,0.125,0.112,0.621,0.16,0.14,0.147,0.358,0.148,0.499,0.102
82800,0.115,0.136,0.138,7.816,7.922,7.991,0.126,0.149,0.169,0.102,0.124,0.184,2.215,0.149,0.114,0.112,0.587,0.172,0.14,0.125,0.335,0.125,0.477,0.113
83100,0.104,0.125,0.149,7.786,7.876,8.007,0.126,0.149,0.158,0.079,0.124,0.184,2.178,0.126,0.125,0.09,0.587,0.183,0.117,0.147,0.312,0.148,0.465,0.136
83400,0.127,0.148,0.138,7.801,7.891,7.991,0.161,0.16,0.169,0.125,0.112,0.172,2.19,0.137,0.125,0.112,0.564,0.172,0.152,0.147,0.335,0.148,0.454,0.136
83700,0.127,0.148,0.161,7.801,7.861,8.022,0.149,0.16,0.158,0.102,0.112,0.149,2.166,0.149,0.125,0.112,0.53,0.16,0.129,0.159,0.312,0.125,0.454,0.113
84000,0.115,0.113,0.138,7.786,7.861,7.991,0.149,0.126,0.147,0.091,0.124,0.149,2.141,0.137,0.091,0.101,0.518,0.172,0.117,0.159,0.3,0.125,0.442,0.113
84300,0.104,0.113,0.138,7.786,7.861,8.007,0.149,0.126,0.147,0.102,0.112,0.172,2.129,0.149,0.114,0.09,0.484,0.149,0.14,0.125,0.266,0.148,0.442,0.113
84600,0.115,0.125,0.149,7.756,7.876,8.022,0.138,0.114,0.181,0.091,0.124,0.138,2.104,0.114,0.125,0.101,0.439,0.16,0.129,0.147,0.266,0.137,0.431,0.113
84900,0.127,0.113,0.115,7.771,7.861,8.007,0.138,0.149,0.158,0.091,0.124,0.172,2.104,0.149,0.137,0.101,0.393,0.16,0.129,0.147,0.266,0.114,0.454,0.102
85200,0.104,0.125,0.138,7.741,7.846,7.961,0.126,0.149,0.158,0.102,0.112,0.161,2.092,0.137,0.103,0.112,0.416,0.16,0.14,0.159,0.242,0.125,0.419,0.113
85500,0.127,0.102,0.138,7.741,7.846,8.007,0.149,0.137,0.158,0.079,0.112,0.149,2.092,0.149,0.137,0.101,0.348,0.172,0.14,0.125,0.231,0.137,0.419,0.102
85800,0.115,0.125,0.149,7.696,7.861,7.945,0.138,0.149,0.158,0.102,0.112,0.149,2.043,0.149,0.125,0.101,0.348,0.172,0.14,0.159,0.219,0.137,0.397,0.113
86100,0.115,0.136,0.138,7.741,7.846,8.007,0.126,0.137,0.169,0.079,0.124,0.161,2.043,0.149,0.137,0.101,0.314,0.172,0.14,0.147,0.231,0.125,0.419,0.113
86400,0.115,0.113,0.138,7.741,7.831,8.007,0.149,0.137,0.169,0.091,0.112,0.149,2.043,0.149,0.114,0.112,0.292,0.183,0.14,0.147,0.219,0.137,0.397,0.113
86700,0.104,0.091,0.126,7.681,7.831,8.007,0.138,0.114,0.147,0.091,0.112,0.172,1.981,0.126,0.114,0.079,0.258,0.172,0.152,0.136,0.219,0.137,0.397,0.113
87000,0.138,0.136,0.138,7.711,7.861,7.991,0.149,0.171,0.169,0.114,0.135,0.161,1.981,0.149,0.125,0.112,0.269,0.172,0.152,0.147,0.196,0.137,0.408,0.124
87300,0.127,0.125,0.138,7.711,7.846,7.991,0.149,0.126,0.169,0.091,0.112,0.149,1.981,0.149,0.114,0.101,0.247,0.16,0.14,0.125,0.196,0.137,0.397,0.124
87600,0.115,0.125,0.138,7.711,7.816,7.976,0.138,0.149,0.158,0.091,0.101,0.161,1.945,0.126,0.137,0.101,0.213,0.16,0.152,0.147,0.173,0.125,0.374,0.113
87900,0.138,0.148,0.149,7.681,7.816,7.991,0.126,0.137,0.169,0.114,0.135,0.172,1.933,0.16,0.125,0.101,0.168,0.16,0.14,0.17,0.196,0.16,0.397,0.113
88200,0.127,0.125,0.103,7.681,7.816,7.976,0.126,0.149,0.169,0.079,0.101,0.149,1.92,0.137,0.125,0.09,0.157,0.16,0.152,0.147,0.161,0.125,0.385,0.113
88500,0.115,0.136,0.126,7.666,7.846,7.991,0.149,0.149,0.169,0.102,0.124,0.149,1.908,0.137,0.125,0.112,0.145,0.183,0.14,0.159,0.161,0.125,0.374,0.124
88800,0.092,0.113,0.138,7.621,7.786,7.991,0.115,0.126,0.158,0.079,0.124,0.126,1.884,0.16,0.125,0.101,0.123,0.172,0.14,0.125,0.161,0.125,0.374,0.102
89100,0.115,0.148,0.149,7.666,7.801,7.976,0.149,0.114,0.147,0.091,0.101,0.149,1.884,0.126,0.125,0.101,0.123,0.172,0.117,0.147,0.173,0.148,0.374,0.113
89400,0.115,0.125,0.138,7.636,7.771,7.976,0.138,0.137,0.158,0.079,0.112,0.138,1.859,0.114,0.103,0.101,0.112,0.149,0.14,0.136,0.115,0.137,0.351,0.113
89700,0.115,0.125,0.138,7.636,7.801,7.961,0.138,0.149,0.147,0.091,0.101,0.149,1.835,0.126,0.114,0.101,0.123,0.172,0.152,0.159,0.138,0.16,0.34,0.113
90000,0.115,0.136,0.149,7.621,7.786,8.007,0.149,0.149,0.181,0.102,0.124,0.161,1.823,0.137,0.114,0.101,0.112,0.183,0.117,0.147,0.127,0.148,0.351,0.113
90300,0.127,0.113,0.138,7.621,7.801,7.976,0.138,0.149,0.169,0.091,0.124,0.149,1.811,0.16,0.103,0.112,0.134,0.16,0.129,0.17,0.138,0.148,0.34,0.113
90600,0.115,0.136,0.138,7.636,7.786,7.976,0.138,0.126,0.169,0.079,0.124,0.149,1.811,0.149,0.125,0.112,0.123,0.183,0.152,0.17,0.15,0.148,0.351,0.113
